id	composer	title	link
0uQEfIeBCyY	Alkan	Eytz Chayim	https://www.youtube.com/watch?v=0uQEfIeBCyY
36Y_ztEW1NE	Allegri	Miserere	https://www.youtube.com/watch?v=36Y_ztEW1NE
fArGQY_wvmA	Anerio	Christus-factus-est	https://www.youtube.com/watch?v=fArGQY_wvmA
fdqjkM5-xeY	Anerio	Christus-factus-est	https://www.youtube.com/watch?v=fdqjkM5-xeY
SsmW6d6A-Ak	Anerio	Christus-factus-est	https://www.youtube.com/watch?v=SsmW6d6A-Ak
G4eVpdxtHng	Arkhangelsky	Pomyshlyayu den' strashnyi	https://www.youtube.com/watch?v=G4eVpdxtHng
ck2CM6dssZk	Artur, Harmat	De profundis	https://www.youtube.com/watch?v=ck2CM6dssZk
p14158ZIQL0	Artur, Harmat	De profundis	https://www.youtube.com/watch?v=p14158ZIQL0
1Pc41lxwd7k	Bairstow	I sat down	https://www.youtube.com/watch?v=1Pc41lxwd7k
BFUAzZ5ZoR0	Bairstow	I sat down	https://www.youtube.com/watch?v=BFUAzZ5ZoR0
P6JfInyQI9Q	Bairstow	I sat down	https://www.youtube.com/watch?v=P6JfInyQI9Q
GBI33lxzPMk	Bairstow	Jesu-the-very	https://www.youtube.com/watch?v=GBI33lxzPMk
IbkbxvY_x5o	Bairstow	Jesu-the-very	https://www.youtube.com/watch?v=IbkbxvY_x5o
LGOhRpMg3F8	Bairstow	Let-all-mortal	https://www.youtube.com/watch?v=LGOhRpMg3F8
RtGKEV4pQNw	Bairstow	Let-all-mortal	https://www.youtube.com/watch?v=RtGKEV4pQNw
yXOiIbSECik	Balakirev	Svyshe prorotsy	https://www.youtube.com/watch?v=yXOiIbSECik
AiuC_CaObbI	Barber	Agnus Dei	https://www.youtube.com/watch?v=AiuC_CaObbI
fRL447oDId4	Barber	Agnus Dei	https://www.youtube.com/watch?v=fRL447oDId4
0x-K8tALBMY	Barber	Anthony O Daly	https://www.youtube.com/watch?v=0x-K8tALBMY
5j0Ra_jl9SQ	Barber	Anthony O Daly	https://www.youtube.com/watch?v=5j0Ra_jl9SQ
ZkGrS5nT8vI	Barber	Anthony O Daly	https://www.youtube.com/watch?v=ZkGrS5nT8vI
q5j0SBIi2oc	Barber	Mary Hynes	https://www.youtube.com/watch?v=q5j0SBIi2oc
QvX51Bt8SoU	Barber	Mary Hynes	https://www.youtube.com/watch?v=QvX51Bt8SoU
4Kpyzw55V-c	Barber	The Coolin	https://www.youtube.com/watch?v=4Kpyzw55V-c
jSEPN3Q0i68	Barber	The Coolin	https://www.youtube.com/watch?v=jSEPN3Q0i68
PjGF1sk4fkA	Barber	The Coolin	https://www.youtube.com/watch?v=PjGF1sk4fkA
s_pWvcV57RI	Barber	The Coolin	https://www.youtube.com/watch?v=s_pWvcV57RI
ueRGelvqxJc	Bartok	Elment a Madarka	https://www.youtube.com/watch?v=ueRGelvqxJc
ViOXvCtqTzw	Bartok	Elment a Madarka	https://www.youtube.com/watch?v=ViOXvCtqTzw
OtFuDJl3ql0	Bartok	Isten Veled!	https://www.youtube.com/watch?v=OtFuDJl3ql0
P4l8UzSP9BY	Bartok	Isten Veled!	https://www.youtube.com/watch?v=P4l8UzSP9BY
VpN6KBKWpms	Bartok	Isten Veled!	https://www.youtube.com/watch?v=VpN6KBKWpms
dGg0eLbjhiA	Bartok	Madardal	https://www.youtube.com/watch?v=dGg0eLbjhiA
hNUjCd395Vk	Bartok	Madardal	https://www.youtube.com/watch?v=hNUjCd395Vk
_m7vM7EhHno	Bartok	Madardal	https://www.youtube.com/watch?v=_m7vM7EhHno
tkJe47sWXGI	Beach	Nunc Dimittis	https://www.youtube.com/watch?v=tkJe47sWXGI
4p5hGT9SG1I	Becker, Albert	Fuerwahr, er trug unsre Krankheit	https://www.youtube.com/watch?v=4p5hGT9SG1I
-xLe8s8oOQM	Bortnyansky	Dostoino est'	https://www.youtube.com/watch?v=-xLe8s8oOQM
XxS27B3FOB4	Bortnyansky	Dostoino est'	https://www.youtube.com/watch?v=XxS27B3FOB4
jIee7nUnCoE	Bortnyansky	Tibie paiom	https://www.youtube.com/watch?v=jIee7nUnCoE
USw-lkI2Fy0	Bortnyansky	Tibie paiom	https://www.youtube.com/watch?v=USw-lkI2Fy0
epVSmvFkRNQ	Brahms	Abendständchen	https://www.youtube.com/watch?v=epVSmvFkRNQ
rcNyTVnpVe4	Brahms	Abendständchen	https://www.youtube.com/watch?v=rcNyTVnpVe4
TFOGLp766Ic	Brahms	Abendständchen	https://www.youtube.com/watch?v=TFOGLp766Ic
2i2AONLovGE	Brahms	Beherzigung	https://www.youtube.com/watch?v=2i2AONLovGE
qICCcsg5o3E	Brahms	Beherzigung	https://www.youtube.com/watch?v=qICCcsg5o3E
CFCatCLsfpw	Brahms	Darthulas Grabgesang	https://www.youtube.com/watch?v=CFCatCLsfpw
KlvuO0otkW4	Brahms	Darthulas Grabgesang	https://www.youtube.com/watch?v=KlvuO0otkW4
PDPNdoqH5a0	Brahms	Darthulas Grabgesang	https://www.youtube.com/watch?v=PDPNdoqH5a0
fuf9hFo2F-Y	Brahms	Es geht ein Wehen	https://www.youtube.com/watch?v=fuf9hFo2F-Y
MnGtjy5RUjg	Brahms	Es geht ein Wehen	https://www.youtube.com/watch?v=MnGtjy5RUjg
RRkfwa6q4TE	Brahms	Es geht ein Wehen	https://www.youtube.com/watch?v=RRkfwa6q4TE
j-ZmsnI6nJQ	Brahms	Im Herbst	https://www.youtube.com/watch?v=j-ZmsnI6nJQ
jVxiKKy68Ag	Brahms	Letztes Glück	https://www.youtube.com/watch?v=jVxiKKy68Ag
mxyasPFCSNQ	Brahms	Letztes Glück	https://www.youtube.com/watch?v=mxyasPFCSNQ
Mf3zgU7ShU4	Brahms	Nachtwache II	https://www.youtube.com/watch?v=Mf3zgU7ShU4
tTYmIYyg2jI	Brahms	Nachtwache II	https://www.youtube.com/watch?v=tTYmIYyg2jI
YWhxm6lWz3A	Brahms	Nachtwache II	https://www.youtube.com/watch?v=YWhxm6lWz3A
-vS0wZyK1D4	Brahms	Ruf zur Maria	https://www.youtube.com/watch?v=-vS0wZyK1D4
LFqyL-N_lAA	Brahms	Ruf zur Maria	https://www.youtube.com/watch?v=LFqyL-N_lAA
TWBsfphDEuo	Brahms	Ruf zur Maria	https://www.youtube.com/watch?v=TWBsfphDEuo
5s9qS_Uklmg	Brahms	Verlorene Jugend	https://www.youtube.com/watch?v=5s9qS_Uklmg
LQrlLFjJa94	Brahms	Verlorene Jugend	https://www.youtube.com/watch?v=LQrlLFjJa94
wjC7oGFp1LY	Brahms	Verlorene Jugend	https://www.youtube.com/watch?v=wjC7oGFp1LY
bigxL8Uigvs	Brahms	Vineta	https://www.youtube.com/watch?v=bigxL8Uigvs
pH7sIHhDdhg	Brahms	Vineta	https://www.youtube.com/watch?v=pH7sIHhDdhg
dQfBbBCmVqE	Britten	Hymn-to-Virgin	https://www.youtube.com/watch?v=dQfBbBCmVqE
kmocmreevF8	Britten	Hymn-to-Virgin	https://www.youtube.com/watch?v=kmocmreevF8
1uYNM7OSH0s	Britten	The Sycamore Tree	https://www.youtube.com/watch?v=1uYNM7OSH0s
AgU27nxkhog	Britten	The Sycamore Tree	https://www.youtube.com/watch?v=AgU27nxkhog
SeBQqa0MhRo	Britten	The Sycamore Tree	https://www.youtube.com/watch?v=SeBQqa0MhRo
jchJ2SUhXdg	Bruckner	1 Ave maria	https://www.youtube.com/watch?v=jchJ2SUhXdg
vbHKnUhdv8g	Bruckner	1 Ave maria	https://www.youtube.com/watch?v=vbHKnUhdv8g
6mF9UZFiDUI	Bruckner	2 Locus iste	https://www.youtube.com/watch?v=6mF9UZFiDUI
udZCjXbwkzk	Bruckner	2 Locus iste	https://www.youtube.com/watch?v=udZCjXbwkzk
XQRYwe4KDDQ	Bruckner	2 Locus iste	https://www.youtube.com/watch?v=XQRYwe4KDDQ
AXv-QUU2mgk	Bruckner	3 Os justi	https://www.youtube.com/watch?v=AXv-QUU2mgk
ov-OAmpcRfw	Bruckner	3 Os justi	https://www.youtube.com/watch?v=ov-OAmpcRfw
2jDLZUFchFk	Bruckner	5 Virga Jesse	https://www.youtube.com/watch?v=2jDLZUFchFk
5plWvk5vTD8	Busto	Ave Maria	https://www.youtube.com/watch?v=5plWvk5vTD8
Qn1y1kRThBg	Byrd	Ave Maria	https://www.youtube.com/watch?v=Qn1y1kRThBg
yakrhqyDxoM	Byrd	Ave Maria	https://www.youtube.com/watch?v=yakrhqyDxoM
ysqn-o2uwEY	Byrd	Ave Maria	https://www.youtube.com/watch?v=ysqn-o2uwEY
9IwIa1ZBgT0	Byrd	Haec-Dies	https://www.youtube.com/watch?v=9IwIa1ZBgT0
BtTbkfH9G2o	Byrd	Haec-Dies	https://www.youtube.com/watch?v=BtTbkfH9G2o
gaVBAVpoMSs	Byrd	I will not leave you	https://www.youtube.com/watch?v=gaVBAVpoMSs
Jh_KGlPBM4E	Byrd	I will not leave you	https://www.youtube.com/watch?v=Jh_KGlPBM4E
YPaujaggRSU	Byrd	I will not leave you	https://www.youtube.com/watch?v=YPaujaggRSU
sdUx08apO_g	Byrd	Though Amaryllis Dance	https://www.youtube.com/watch?v=sdUx08apO_g
S6T-JNJ8u88	Canteloube	La-Baylere	https://www.youtube.com/watch?v=S6T-JNJ8u88
RlcAqb-h98A	Casals	O vos omnes	https://www.youtube.com/watch?v=RlcAqb-h98A
svlVv07VOU8	Casals	O vos omnes	https://www.youtube.com/watch?v=svlVv07VOU8
WfZ3ZuQ5g64	Casals	O vos omnes	https://www.youtube.com/watch?v=WfZ3ZuQ5g64
LUnNiyMXXPI	Child	O Lord, grant	https://www.youtube.com/watch?v=LUnNiyMXXPI
VAirgH0D8-Y	Child	O Lord, grant	https://www.youtube.com/watch?v=VAirgH0D8-Y
icJ-UaXGInw	Daley, Eleanor	In Remembrance	https://www.youtube.com/watch?v=icJ-UaXGInw
nMES2S1O7Y8	Daley, Eleanor	In Remembrance	https://www.youtube.com/watch?v=nMES2S1O7Y8
erR-s7INc-Q	Delius	Midsummer Song	https://www.youtube.com/watch?v=erR-s7INc-Q
13um_ULbfTU	Delius	On Craig Ddu	https://www.youtube.com/watch?v=13um_ULbfTU
UIRrdvTyuTc	Delius	To Be Sung of a Summer Night on the Water	https://www.youtube.com/watch?v=UIRrdvTyuTc
xGkb5KFwx1I	Desprez	Ave Maria	https://www.youtube.com/watch?v=xGkb5KFwx1I
owD6cSDDTrU	Desprez, Josquin	Ave vera virginitas	https://www.youtube.com/watch?v=owD6cSDDTrU
pgxg_NF6s-U	Desprez, Josquin	Et incarnatus est	https://www.youtube.com/watch?v=pgxg_NF6s-U
pH7ywVHNhWA	Desprez, Josquin	In flagellis	https://www.youtube.com/watch?v=pH7ywVHNhWA
z59R3eVDlQQ	Desprez, Josquin	Tu pauperum refugium	https://www.youtube.com/watch?v=z59R3eVDlQQ
tOetpxX4AZE	DIndia	Dove, dove son io	https://www.youtube.com/watch?v=tOetpxX4AZE
P1PBPc1wRBI	Dunstaple	Veni-Sancte-Spiritus	https://www.youtube.com/watch?v=P1PBPc1wRBI
LjHySS0tXYo	Eben	Salve Regina	https://www.youtube.com/watch?v=LjHySS0tXYo
sJoBrkhnpcg	Eben	Salve Regina	https://www.youtube.com/watch?v=sJoBrkhnpcg
ypUQn8Yqtk0	Eben	Salve Regina	https://www.youtube.com/watch?v=ypUQn8Yqtk0
h0504ChQoV0	Elgar	Good morrow	https://www.youtube.com/watch?v=h0504ChQoV0
Hgk3wsscggk	Elgar	Good morrow	https://www.youtube.com/watch?v=Hgk3wsscggk
AjfgZje_TGU	Elgar	My-Love-Northern	https://www.youtube.com/watch?v=AjfgZje_TGU
ooZsAPlwXjc	Elgar	My-Love-Northern	https://www.youtube.com/watch?v=ooZsAPlwXjc
NBy4Em72qig	Elgar	O Happy Eyes	https://www.youtube.com/watch?v=NBy4Em72qig
rTyRAQ0RuO4	Elgar	O Wild Westwind	https://www.youtube.com/watch?v=rTyRAQ0RuO4
vGEUbTKyh1w	Elgar	O Wild Westwind	https://www.youtube.com/watch?v=vGEUbTKyh1w
wsnh_aDJs3k	Elgar	O Wild Westwind	https://www.youtube.com/watch?v=wsnh_aDJs3k
1LQt84rtgQA	Elgar	Shower	https://www.youtube.com/watch?v=1LQt84rtgQA
t2JWRGPOWjk	Elgar	Shower	https://www.youtube.com/watch?v=t2JWRGPOWjk
Gc7U31gDvBY	Elgar	There-is-music	https://www.youtube.com/watch?v=Gc7U31gDvBY
p_UnMrzDsCY	Elgar	There-is-music	https://www.youtube.com/watch?v=p_UnMrzDsCY
MSzVRbda6_E	Elgar	They are at rest	https://www.youtube.com/watch?v=MSzVRbda6_E
3cdHrAmL_zg	Elgar	Weary Wind of the West	https://www.youtube.com/watch?v=3cdHrAmL_zg
OHXS3ONMNaQ	Farmer	Lord's-Prayer	https://www.youtube.com/watch?v=OHXS3ONMNaQ
UzjKzRw4FSQ	Farmer	Lord's-Prayer	https://www.youtube.com/watch?v=UzjKzRw4FSQ
EVidFFF0lfE	Farrant-Hilton	Lord, For Thy Tender Mercy's Sake	https://www.youtube.com/watch?v=EVidFFF0lfE
VbRn0oJESXU	Farrant-Hilton	Lord, For Thy Tender Mercy's Sake	https://www.youtube.com/watch?v=VbRn0oJESXU
vf-braNVF2Q	Farrant-Hilton	Lord, For Thy Tender Mercy's Sake	https://www.youtube.com/watch?v=vf-braNVF2Q
DgXrmFO9JAg	Finzi	Haste on, my joys!	https://www.youtube.com/watch?v=DgXrmFO9JAg
NS6uqXBjmVk	Finzi	Haste on, my joys!	https://www.youtube.com/watch?v=NS6uqXBjmVk
O2x4TRMpU_w	Finzi	Haste on, my joys!	https://www.youtube.com/watch?v=O2x4TRMpU_w
nyvosm7QZSE	Finzi	I praise the tender flower	https://www.youtube.com/watch?v=nyvosm7QZSE
PwcacWPOX5s	Finzi	I praise the tender flower	https://www.youtube.com/watch?v=PwcacWPOX5s
YcCghBsfkqI	Finzi	I praise the tender flower	https://www.youtube.com/watch?v=YcCghBsfkqI
wLGgLtfzYF0	Gabrielli	Omnes Gentes	https://www.youtube.com/watch?v=wLGgLtfzYF0
MiIKbUI6Dio	Gesualdo	O Vos Omnes	https://www.youtube.com/watch?v=MiIKbUI6Dio
q74dwLTMOh0	Gibbons	Almighty&everlastingGod	https://www.youtube.com/watch?v=q74dwLTMOh0
T_J-6SyFqfA	Gibbons	Almighty&everlastingGod	https://www.youtube.com/watch?v=T_J-6SyFqfA
ByOOAyPZkpo	Glinka	The Cherubic Hymn	https://www.youtube.com/watch?v=ByOOAyPZkpo
c49J814p-ag	Glinka	The Cherubic Hymn	https://www.youtube.com/watch?v=c49J814p-ag
tutG6f9Sa6c	Glinka	The Cherubic Hymn	https://www.youtube.com/watch?v=tutG6f9Sa6c
nWNMC1baWzI	Gombert	Vous êtes trop jeune	https://www.youtube.com/watch?v=nWNMC1baWzI
2vC-aLqtUD4	Gounod	Prière du soir	https://www.youtube.com/watch?v=2vC-aLqtUD4
aBFCXnaoMHs	Grieg	Ave maris stella	https://www.youtube.com/watch?v=aBFCXnaoMHs
jmFFYZID4rg	Grieg	Ave maris stella	https://www.youtube.com/watch?v=jmFFYZID4rg
IF-OXYfu6dU	Handl (Gallus)	Pater Noster	https://www.youtube.com/watch?v=IF-OXYfu6dU
XUZs5bERSiA	Handl (Gallus)	Pater Noster	https://www.youtube.com/watch?v=XUZs5bERSiA
W0W124ZEfA4	Handl (Jacob)	Ecce concipies	https://www.youtube.com/watch?v=W0W124ZEfA4
xmo75xcSErM	Handl (Jacob)	Ecce concipies	https://www.youtube.com/watch?v=xmo75xcSErM
Yf_LC7gmUvE	Handl (Jacob)	Ecce concipies	https://www.youtube.com/watch?v=Yf_LC7gmUvE
IOdsKAoYWEQ	Hassler	Cantate Domino	https://www.youtube.com/watch?v=IOdsKAoYWEQ
NDgxT8XSGGM	Hassler	Cantate Domino	https://www.youtube.com/watch?v=NDgxT8XSGGM
Wd7s40s-Ltw	Hassler	Dixit Maria	https://www.youtube.com/watch?v=Wd7s40s-Ltw
LU4CmMGPg-M	Hassler	Ihr Musici frisch auf!	https://www.youtube.com/watch?v=LU4CmMGPg-M
zPfUKQiMYok	Hassler	Verbum caro Factum Est	https://www.youtube.com/watch?v=zPfUKQiMYok
1yw9wKj0NF4	Haydn	Abenlied zu Gott	https://www.youtube.com/watch?v=1yw9wKj0NF4
WNCrcsLdMao	Haydn	Abenlied zu Gott	https://www.youtube.com/watch?v=WNCrcsLdMao
s64N_fecPlw	Haydn	Der Augenblick	https://www.youtube.com/watch?v=s64N_fecPlw
UdXufrgVekc	Haydn	Der Augenblick	https://www.youtube.com/watch?v=UdXufrgVekc
5bk-rZHrpmk	Haydn	Die Harmonie in der Ehe	https://www.youtube.com/watch?v=5bk-rZHrpmk
mc9xcE3I48c	Haydn	Die Harmonie in der Ehe	https://www.youtube.com/watch?v=mc9xcE3I48c
QHGpR7ouekA	Haydn	Die Harmonie in der Ehe	https://www.youtube.com/watch?v=QHGpR7ouekA
3gSmBaZwNqQ	Hensel	Abendlich schon rauscht der Wald	https://www.youtube.com/watch?v=3gSmBaZwNqQ
9GvcZb_t0QM	Hensel	Abendlich schon rauscht der Wald	https://www.youtube.com/watch?v=9GvcZb_t0QM
Dgrd45PkBY8	Hensel	Abendlich schon rauscht der Wald	https://www.youtube.com/watch?v=Dgrd45PkBY8
uO5GKuhJ76U	Hensel	Im Herbste	https://www.youtube.com/watch?v=uO5GKuhJ76U
AqzC1UNINRk	Hensel	Im Wald	https://www.youtube.com/watch?v=AqzC1UNINRk
fAIV015yvTo	Hensel	Im Wald	https://www.youtube.com/watch?v=fAIV015yvTo
vHIwi795xgo	Hindemith	#1 The Doe	https://www.youtube.com/watch?v=vHIwi795xgo
Vof_21BrXfU	Hindemith	#1 The Doe	https://www.youtube.com/watch?v=Vof_21BrXfU
zVM8MD88MJ0	Hindemith	#1 The Doe	https://www.youtube.com/watch?v=zVM8MD88MJ0
Ufy_9BUub04	Hindemith	#2 A Swan	https://www.youtube.com/watch?v=Ufy_9BUub04
xWPBHsd5IgM	Hindemith	#2 A Swan	https://www.youtube.com/watch?v=xWPBHsd5IgM
fU039d1wthI	Howells	A Spotless Rose	https://www.youtube.com/watch?v=fU039d1wthI
QQnApR9PNV8	Howells	A Spotless Rose	https://www.youtube.com/watch?v=QQnApR9PNV8
uzHIo4c3ukM	Howells	A Spotless Rose	https://www.youtube.com/watch?v=uzHIo4c3ukM
3WkJD2b1mwQ	Ibert	La berceuse du petit zébu	https://www.youtube.com/watch?v=3WkJD2b1mwQ
JasowX8URMg	Ibert	La berceuse du petit zébu	https://www.youtube.com/watch?v=JasowX8URMg
MFHOZ17exbU	Ibert	La berceuse du petit zébu	https://www.youtube.com/watch?v=MFHOZ17exbU
HM4vTwtV9g8	Ingegneri	Tenebrae factae sunt	https://www.youtube.com/watch?v=HM4vTwtV9g8
eJSv_94Qd90	Jarrett	Angelus ad Virginem	https://www.youtube.com/watch?v=eJSv_94Qd90
6SQMh7im_7M	Jarrett	Gloria in Excelsis	https://www.youtube.com/watch?v=6SQMh7im_7M
HT6E2X21KNQ	Jarrett	Hodie Apparuit	https://www.youtube.com/watch?v=HT6E2X21KNQ
K-k4D1mGSWg	John IV	Crux fidelis	https://www.youtube.com/watch?v=K-k4D1mGSWg
PXGKd7-G84Q	John IV	Crux fidelis	https://www.youtube.com/watch?v=PXGKd7-G84Q
FevpQN1BzX4	Kodaly	Ave Maria	https://www.youtube.com/watch?v=FevpQN1BzX4
PmLacAB9aTs	Kodaly	Ave Maria	https://www.youtube.com/watch?v=PmLacAB9aTs
RldXvTgo5bI	Kodaly	Ave Maria	https://www.youtube.com/watch?v=RldXvTgo5bI
U5BcK35G6hE	Kodaly	Esti Dal	https://www.youtube.com/watch?v=U5BcK35G6hE
QRG4J4SwoV4	Lasso	Confortamini et iam	https://www.youtube.com/watch?v=QRG4J4SwoV4
-foB75466zY	Lasso	Eco	https://www.youtube.com/watch?v=-foB75466zY
dmoelD9WDT8	Lasso	Exaltabo te	https://www.youtube.com/watch?v=dmoelD9WDT8
IsTzD9AEcao	Lasso	Exaltabo te	https://www.youtube.com/watch?v=IsTzD9AEcao
gaoPV2IW9AA	Lasso	Hodie Apparuit	https://www.youtube.com/watch?v=gaoPV2IW9AA
nKYhFLI1zGs	Lasso	Hodie Apparuit	https://www.youtube.com/watch?v=nKYhFLI1zGs
xYcJlrHOK1A	Lasso	La nuict froide et sombre	https://www.youtube.com/watch?v=xYcJlrHOK1A
6tgUicGu994	Lasso	Levabo oculos	https://www.youtube.com/watch?v=6tgUicGu994
zt86CdZistA	Lasso	Miserere mei, Domine	https://www.youtube.com/watch?v=zt86CdZistA
a6hNsLpSsIQ	Lasso	o che bon eccho!	https://www.youtube.com/watch?v=a6hNsLpSsIQ
RmwMbG0PnGI	Lasso	o che bon eccho!	https://www.youtube.com/watch?v=RmwMbG0PnGI
Wyo43D6NHII	Lasso	o che bon eccho!	https://www.youtube.com/watch?v=Wyo43D6NHII
s7Dp0j4FD9k	Lasso	O ochi, manza mia	https://www.youtube.com/watch?v=s7Dp0j4FD9k
ZdeT4VhoFH4	Lasso	O ochi, manza mia	https://www.youtube.com/watch?v=ZdeT4VhoFH4
CRIVc-kqYTs	Lassus	Adoramus te	https://www.youtube.com/watch?v=CRIVc-kqYTs
SAWbfNgzor4	Lassus	Adoramus te	https://www.youtube.com/watch?v=SAWbfNgzor4
0m6D6hvYoFQ	Lassus	Ave verum	https://www.youtube.com/watch?v=0m6D6hvYoFQ
5mEL_hZ66Tg	Lassus	Ave verum	https://www.youtube.com/watch?v=5mEL_hZ66Tg
mXNhQbwNhqs	Lassus	Ave verum	https://www.youtube.com/watch?v=mXNhQbwNhqs
OeO6lX8Lkx0	Lassus	Iustorum animae	https://www.youtube.com/watch?v=OeO6lX8Lkx0
OrxiJw0lndQ	Lassus	Iustorum animae	https://www.youtube.com/watch?v=OrxiJw0lndQ
pvhhbSOQz8o	Lassus	Iustorum animae	https://www.youtube.com/watch?v=pvhhbSOQz8o
1GAVQkAp2Ls	Lassus	Timor et tremor	https://www.youtube.com/watch?v=1GAVQkAp2Ls
KxVCKbX4fss	Lassus	Timor et tremor	https://www.youtube.com/watch?v=KxVCKbX4fss
GJrXhjt7Gwo	Lauridsen	O-Magnum-Mysterium	https://www.youtube.com/watch?v=GJrXhjt7Gwo
GS4_l0osCx8	Lauridsen	O-Magnum-Mysterium	https://www.youtube.com/watch?v=GS4_l0osCx8
nn5ken3RJBo	Lauridsen	O-Magnum-Mysterium	https://www.youtube.com/watch?v=nn5ken3RJBo
Faby9xSLyX8	Lotti	Miserere	https://www.youtube.com/watch?v=Faby9xSLyX8
H9N1qGiCRJ8	Lotti	Miserere	https://www.youtube.com/watch?v=H9N1qGiCRJ8
nN1lTkVhy_I	Lotti	Miserere	https://www.youtube.com/watch?v=nN1lTkVhy_I
PxmxNMfKA08	Manz	E'en So, Lord, Jesus, Quickly Com	https://www.youtube.com/watch?v=PxmxNMfKA08
qjtMJxtoooI	Manz	E'en So, Lord, Jesus, Quickly Com	https://www.youtube.com/watch?v=qjtMJxtoooI
rdWN5DQ77Wk	Manz	E'en So, Lord, Jesus, Quickly Com	https://www.youtube.com/watch?v=rdWN5DQ77Wk
aPMfik5wA8w	Marenzio	O Rex Gloriae	https://www.youtube.com/watch?v=aPMfik5wA8w
DLEooeWCwzM	Mendelssohn	Beati Mortui	https://www.youtube.com/watch?v=DLEooeWCwzM
rIGMtLin3O8	Mendelssohn	Beati Mortui	https://www.youtube.com/watch?v=rIGMtLin3O8
ZreW55NLA54	Mendelssohn	Beati Mortui	https://www.youtube.com/watch?v=ZreW55NLA54
FrsGw4GBtts	Mendelssohn	Die Nachtigall	https://www.youtube.com/watch?v=FrsGw4GBtts
VAPJK0V1Luk	Mendelssohn	Die Nachtigall	https://www.youtube.com/watch?v=VAPJK0V1Luk
mM1s6a0Y3mg	Mendelssohn	Die Primel	https://www.youtube.com/watch?v=mM1s6a0Y3mg
-gpWqLQW-UM	Mendelssohn	Heilig	https://www.youtube.com/watch?v=-gpWqLQW-UM
lx7XRASe250	Mendelssohn	Heilig	https://www.youtube.com/watch?v=lx7XRASe250
mSXXhDtD7TM	Mendelssohn	Heilig	https://www.youtube.com/watch?v=mSXXhDtD7TM
qdbHOHXH7QI	Mendelssohn	Jagdlied	https://www.youtube.com/watch?v=qdbHOHXH7QI
Zlyuve19wMg	Mendelssohn	Kyrie eleison	https://www.youtube.com/watch?v=Zlyuve19wMg
JuHT7jtPdBg	Mendelssohn	Psalm 43	https://www.youtube.com/watch?v=JuHT7jtPdBg
RN1DSESbmXE	Monte	Bonjour mon coeur	https://www.youtube.com/watch?v=RN1DSESbmXE
CJ_J8ik8j3E	Monteverdi	A un giro sol de' begl'occhi lucenti	https://www.youtube.com/watch?v=CJ_J8ik8j3E
S0L34uz8dEM	Monteverdi	A un giro sol de' begl'occhi lucenti	https://www.youtube.com/watch?v=S0L34uz8dEM
ybp1Wvmu0y0	Monteverdi	A un giro sol de' begl'occhi lucenti	https://www.youtube.com/watch?v=ybp1Wvmu0y0
g9yoaQWDshA	Monteverdi	Cantate Domino	https://www.youtube.com/watch?v=g9yoaQWDshA
Oq-fMuZuZpM	Monteverdi	Cantate Domino	https://www.youtube.com/watch?v=Oq-fMuZuZpM
zfLKBASv0FY	Monteverdi	Cantate Domino	https://www.youtube.com/watch?v=zfLKBASv0FY
C7XWilTYp3A	Monteverdi	Ma tu, piu che mai dura	https://www.youtube.com/watch?v=C7XWilTYp3A
Ui9HN7VqJcI	Monteverdi	O Mirtillo, Mirtillo anima mia	https://www.youtube.com/watch?v=Ui9HN7VqJcI
etwCfytWqr4	Monteverdi	Sfogava con le stelle	https://www.youtube.com/watch?v=etwCfytWqr4
Nrf2EILSowU	Monteverdi	Sfogava con le stelle	https://www.youtube.com/watch?v=Nrf2EILSowU
P3vDgaUaERw	Monteverdi	Voi pur da me partite, anima dura	https://www.youtube.com/watch?v=P3vDgaUaERw
9r_V8QBXud8	Morley	Nolo mortem	https://www.youtube.com/watch?v=9r_V8QBXud8
Et6l-Gop5Es	Morley	Nolo mortem	https://www.youtube.com/watch?v=Et6l-Gop5Es
GnqzXrH2NtY	Mudd	Let-thy-ears	https://www.youtube.com/watch?v=GnqzXrH2NtY
jcSEi2VpgiQ	Mudd	Let-thy-ears	https://www.youtube.com/watch?v=jcSEi2VpgiQ
z8Awsj3onp4	Mudd	Let-thy-ears	https://www.youtube.com/watch?v=z8Awsj3onp4
9yRd62EJFJc	Nanino	Diffusa est Gratia	https://www.youtube.com/watch?v=9yRd62EJFJc
_ph8-4-eN8o	Nanino	Diffusa est Gratia	https://www.youtube.com/watch?v=_ph8-4-eN8o
jd2_r4PK5dc	Palestrina	Exsultate Deo	https://www.youtube.com/watch?v=jd2_r4PK5dc
LjqY2Bo-NuA	Palestrina	Exsultate Deo	https://www.youtube.com/watch?v=LjqY2Bo-NuA
nRmkj19i4Yk	Palestrina	Exsultate Deo	https://www.youtube.com/watch?v=nRmkj19i4Yk
kmJvK57OhuI	Palestrina	Fuit homo	https://www.youtube.com/watch?v=kmJvK57OhuI
3nFNNvnisxI	Palestrina	Mori quasi il more core	https://www.youtube.com/watch?v=3nFNNvnisxI
iqiXsUVjkHc	Palestrina	O che splendor	https://www.youtube.com/watch?v=iqiXsUVjkHc
OkwxILCgyOg	Palestrina	O che splendor	https://www.youtube.com/watch?v=OkwxILCgyOg
0yd5EE0hAB8	Palestrina	Sicut cervus	https://www.youtube.com/watch?v=0yd5EE0hAB8
Pdv9vmGo4EE	Palestrina	Sicut cervus	https://www.youtube.com/watch?v=Pdv9vmGo4EE
PkMhWl30P4E	Parry	At the round Earth's	https://www.youtube.com/watch?v=PkMhWl30P4E
wQQV7T3j0MI	Parry	At the round Earth's	https://www.youtube.com/watch?v=wQQV7T3j0MI
EeCDckVNWIA	Parry	I know my soul	https://www.youtube.com/watch?v=EeCDckVNWIA
sRmOnHiXU0o	Parry	I know my soul	https://www.youtube.com/watch?v=sRmOnHiXU0o
Gacfz_DsWnk	Parry	Lord-mine-end	https://www.youtube.com/watch?v=Gacfz_DsWnk
gHW_eRBBcHY	Parry	Lord-mine-end	https://www.youtube.com/watch?v=gHW_eRBBcHY
cwjtd_ajoU0	Parry	My soul, there is a country	https://www.youtube.com/watch?v=cwjtd_ajoU0
V-cJ-_HKMMs	Parry	My soul, there is a country	https://www.youtube.com/watch?v=V-cJ-_HKMMs
Fh9m8gSL7wE	Parry	Never weatherbeaten sail	https://www.youtube.com/watch?v=Fh9m8gSL7wE
WwBoDqRL63g	Parry	Never weatherbeaten sail	https://www.youtube.com/watch?v=WwBoDqRL63g
6Cqd7qBH9sY	Parry	There is an old belief	https://www.youtube.com/watch?v=6Cqd7qBH9sY
u6nZwNSlAXU	Parry	There is an old belief	https://www.youtube.com/watch?v=u6nZwNSlAXU
XNmwIiq0ESY	Parry	There is an old belief	https://www.youtube.com/watch?v=XNmwIiq0ESY
5AOwGE0KuRI	Parsons	Ave Maria	https://www.youtube.com/watch?v=5AOwGE0KuRI
v3pDIz9RLfg	Parsons	Ave Maria	https://www.youtube.com/watch?v=v3pDIz9RLfg
1qml9uO0GLg	Part	Magnificat	https://www.youtube.com/watch?v=1qml9uO0GLg
b4NY3iXMBTc	Part	Magnificat	https://www.youtube.com/watch?v=b4NY3iXMBTc
jZZmPRgH0Dg	Passaquet	La Troupe	https://www.youtube.com/watch?v=jZZmPRgH0Dg
Ob0B5zlpR8A	Pearsall	In Dulci Jubilo	https://www.youtube.com/watch?v=Ob0B5zlpR8A
NA1eWba5ZCE	Pearsall	Lay a Garland	https://www.youtube.com/watch?v=NA1eWba5ZCE
VM2xHJG2uJk	Pearsall	Lay a Garland	https://www.youtube.com/watch?v=VM2xHJG2uJk
X8_kweiTJWs	Pearsall	Lay a Garland	https://www.youtube.com/watch?v=X8_kweiTJWs
6SNlJSdhF-o	Pearsall	Sing-we	https://www.youtube.com/watch?v=6SNlJSdhF-o
k5IhKskW9Yk	Pearsall	Sing-we	https://www.youtube.com/watch?v=k5IhKskW9Yk
bnRQIhR0ABw	Penderecki	agnus dei	https://www.youtube.com/watch?v=bnRQIhR0ABw
_OD12l9FAIU	Penderecki	agnus dei	https://www.youtube.com/watch?v=_OD12l9FAIU
2Tn2uSxNKTw	Pesenti	Dal Lecto me Levava	https://www.youtube.com/watch?v=2Tn2uSxNKTw
zcodyDcfQgA	Pesenti	Dal Lecto me Levava	https://www.youtube.com/watch?v=zcodyDcfQgA
Eb0bxmo661g	Philips	Ascendit Deus	https://www.youtube.com/watch?v=Eb0bxmo661g
rMDhzAd7Bv4	Philips	Ascendit Deus	https://www.youtube.com/watch?v=rMDhzAd7Bv4
mHGBkvXDmII	Philips	Surgens Jesus	https://www.youtube.com/watch?v=mHGBkvXDmII
y1-O2qu_u8Y	Philips	Surgens Jesus	https://www.youtube.com/watch?v=y1-O2qu_u8Y
DF_rxVoZoqM	Pitoni	Cantate Domino	https://www.youtube.com/watch?v=DF_rxVoZoqM
oudkfwwrZq0	Pitoni	Cantate Domino	https://www.youtube.com/watch?v=oudkfwwrZq0
g4pQqFKIa1Y	Poulenc	A peine défigurée	https://www.youtube.com/watch?v=g4pQqFKIa1Y
jgUeBTao6_o	Poulenc	A peine défigurée	https://www.youtube.com/watch?v=jgUeBTao6_o
okVSOEcjnu8	Poulenc	A peine défigurée	https://www.youtube.com/watch?v=okVSOEcjnu8
hFvi9BLPdq8	Poulenc	Ave verum corpus	https://www.youtube.com/watch?v=hFvi9BLPdq8
sMs_zFDtr3I	Poulenc	Ave verum corpus	https://www.youtube.com/watch?v=sMs_zFDtr3I
7ZObExKH1TU	Poulenc	Belle et ressemblante	https://www.youtube.com/watch?v=7ZObExKH1TU
BcM6awEPupE	Poulenc	Belle et ressemblante	https://www.youtube.com/watch?v=BcM6awEPupE
Y1BoRrvM0kY	Poulenc	Belle et ressemblante	https://www.youtube.com/watch?v=Y1BoRrvM0kY
0fusyqOZIYc	Poulenc	Clic clac dansez sabots	https://www.youtube.com/watch?v=0fusyqOZIYc
BcXySHuG7ig	Poulenc	Clic clac dansez sabots	https://www.youtube.com/watch?v=BcXySHuG7ig
y22-qnFoz3Q	Poulenc	Clic clac dansez sabots	https://www.youtube.com/watch?v=y22-qnFoz3Q
LdKtivhcemU	Poulenc	Kyrie	https://www.youtube.com/watch?v=LdKtivhcemU
qiv9y_v7OEM	Poulenc	Kyrie	https://www.youtube.com/watch?v=qiv9y_v7OEM
3gY7GRABKfY	Poulenc	La blanche neige	https://www.youtube.com/watch?v=3gY7GRABKfY
ARJChq6RzzA	Poulenc	Les tisserands	https://www.youtube.com/watch?v=ARJChq6RzzA
N3oFBk9MynU	Poulenc	Les tisserands	https://www.youtube.com/watch?v=N3oFBk9MynU
Ru-BqM66KQo	Poulenc	Les tisserands	https://www.youtube.com/watch?v=Ru-BqM66KQo
sIUnHJCbCck	Poulenc	Margoton va t'a l'iau	https://www.youtube.com/watch?v=sIUnHJCbCck
_7eI4ZrD9PE	Poulenc	Margoton va t'a l'iau	https://www.youtube.com/watch?v=_7eI4ZrD9PE
4d2mMnkAqME	Poulenc	Marie	https://www.youtube.com/watch?v=4d2mMnkAqME
67iBns5LuGY	Poulenc	Marie	https://www.youtube.com/watch?v=67iBns5LuGY
Dohlakl4M4c	Poulenc	Marie	https://www.youtube.com/watch?v=Dohlakl4M4c
0mghR0MIKWM	Poulenc	Pilons l'orge	https://www.youtube.com/watch?v=0mghR0MIKWM
A5kFvX6mHB4	Poulenc	Pilons l'orge	https://www.youtube.com/watch?v=A5kFvX6mHB4
yMc5qPZf_gc	Poulenc	Pilons l'orge	https://www.youtube.com/watch?v=yMc5qPZf_gc
no18LBbupE0	Poulenc	SalveRegina	https://www.youtube.com/watch?v=no18LBbupE0
QZtC9SLN6F8	Poulenc	SalveRegina	https://www.youtube.com/watch?v=QZtC9SLN6F8
h94qNxO94eo	Praetorius	Enatus Est	https://www.youtube.com/watch?v=h94qNxO94eo
w4iar8aK6p4	Praetorius	Enatus Est	https://www.youtube.com/watch?v=w4iar8aK6p4
-VLBP1n5VJE	Praetorius	Ihr lieben Kinder freuet euch	https://www.youtube.com/watch?v=-VLBP1n5VJE
f1n5xonlB9g	Praetorius	Ihr lieben Kinder freuet euch	https://www.youtube.com/watch?v=f1n5xonlB9g
jUVlvlGX2OI	Praetorius	Ihr lieben Kinder freuet euch	https://www.youtube.com/watch?v=jUVlvlGX2OI
lqy3rzx3u7c	Praetorius	Nun bitten wir den Heiligen Geist	https://www.youtube.com/watch?v=lqy3rzx3u7c
FyieyUw3GXk	purcell	Hear My Prayer, Oh Lord	https://www.youtube.com/watch?v=FyieyUw3GXk
9p-Lcqm6Ig4	purcell	pleasant groves	https://www.youtube.com/watch?v=9p-Lcqm6Ig4
WgJmy8f36yE	purcell	pleasant groves	https://www.youtube.com/watch?v=WgJmy8f36yE
yk4XdUU-cqI	purcell	pleasant groves	https://www.youtube.com/watch?v=yk4XdUU-cqI
s2BzFD0eGaQ	Rachmaninov	Ave Maria	https://www.youtube.com/watch?v=s2BzFD0eGaQ
uUb3EosohQo	Rachmaninov	Ave Maria	https://www.youtube.com/watch?v=uUb3EosohQo
wTH0pcu_t_8	Rachmaninov	Ave Maria	https://www.youtube.com/watch?v=wTH0pcu_t_8
_f4KVYABb5E	Rachmaninov	Rejoice, Virgin	https://www.youtube.com/watch?v=_f4KVYABb5E
h3dzOXCh7Ew	Certon, Pierre	La, la, la, je ne l'ose dire	https://www.youtube.com/watch?v=h3dzOXCh7Ew
VPmcwL2i4O4	Certon, Pierre	Que n'est elle auprès de moi	https://www.youtube.com/watch?v=VPmcwL2i4O4
aKmBXWz09sw	Guerrero	Canite tuba	https://www.youtube.com/watch?v=aKmBXWz09sw
JQJGliimRNQ	Guerrero	Canite tuba	https://www.youtube.com/watch?v=JQJGliimRNQ
v8Y0y3IOQeE	Guerrero	Canite tuba	https://www.youtube.com/watch?v=v8Y0y3IOQeE
kWHKW6xzARs	Miskinis	Cantate domino	https://www.youtube.com/watch?v=kWHKW6xzARs
U_8RmRJSDlo	Miskinis	Cantate domino	https://www.youtube.com/watch?v=U_8RmRJSDlo
76OarJEoCz4	Ravel	Nicolette	https://www.youtube.com/watch?v=76OarJEoCz4
gtztvb0TNDg	Ravel	Nicolette	https://www.youtube.com/watch?v=gtztvb0TNDg
yqyOVcAJcm0	Ravel	Nicolette	https://www.youtube.com/watch?v=yqyOVcAJcm0
6l-GPMd0KEk	Ravel	Trois beaux oiseaux du paradis	https://www.youtube.com/watch?v=6l-GPMd0KEk
YOE3tCiPMwQ	Ravel	Trois beaux oiseaux du paradis	https://www.youtube.com/watch?v=YOE3tCiPMwQ
azVITZ-zNAs	Redford	Rejoice	https://www.youtube.com/watch?v=azVITZ-zNAs
Kq1T8-NvN44	Redford	Rejoice	https://www.youtube.com/watch?v=Kq1T8-NvN44
ng5ohZQCfj4	Redford	Rejoice	https://www.youtube.com/watch?v=ng5ohZQCfj4
DcTSvsADsyI	Reger	Nachtlied	https://www.youtube.com/watch?v=DcTSvsADsyI
lAoVftj8JcU	Reger	Nachtlied	https://www.youtube.com/watch?v=lAoVftj8JcU
g2cUJK8Nc5w	Reger	Unser lieben	https://www.youtube.com/watch?v=g2cUJK8Nc5w
rvXA_vW2D5k	Reger	Unser lieben	https://www.youtube.com/watch?v=rvXA_vW2D5k
TGc__HGwdxk	Rheinberger	Abendlied	https://www.youtube.com/watch?v=TGc__HGwdxk
dJ7QT3CsBQg	Rheinberger	Hymne	https://www.youtube.com/watch?v=dJ7QT3CsBQg
vtR5mchwZjU	Rheinberger	Salve Regina	https://www.youtube.com/watch?v=vtR5mchwZjU
AlY8lcsG2NM	Roberton	All-in-April	https://www.youtube.com/watch?v=AlY8lcsG2NM
UeX4pWgkaK0	Rossini	O salutaris	https://www.youtube.com/watch?v=UeX4pWgkaK0
ZEwo6jLInnM	Rutter	Dashing away with the smoothing Iron	https://www.youtube.com/watch?v=ZEwo6jLInnM
whERHDBeygg	Rutter	I Wonder as I Wander	https://www.youtube.com/watch?v=whERHDBeygg
auNYENJYGrg	Schumann	Am Bodensee	https://www.youtube.com/watch?v=auNYENJYGrg
TMOto-zbE7U	Schumann	Am Bodensee	https://www.youtube.com/watch?v=TMOto-zbE7U
WxyuobOhYpM	Schumann	Am Bodensee	https://www.youtube.com/watch?v=WxyuobOhYpM
jTrEQJxvnSo	Schumann	Bankelsanger Willie	https://www.youtube.com/watch?v=jTrEQJxvnSo
kweT3nYf18Y	Schumann	Bankelsanger Willie	https://www.youtube.com/watch?v=kweT3nYf18Y
5ExnECGwQhU	Schumann	Brautgesang	https://www.youtube.com/watch?v=5ExnECGwQhU
of2-IWFSsR4	Schumann	Brautgesang	https://www.youtube.com/watch?v=of2-IWFSsR4
08C-hIpsmfo	Schumann	Der Rekrut	https://www.youtube.com/watch?v=08C-hIpsmfo
Bel9Ure2PZA	Schumann	Der Rekrut	https://www.youtube.com/watch?v=Bel9Ure2PZA
vEuroi-49rw	Schumann	Der Rekrut	https://www.youtube.com/watch?v=vEuroi-49rw
KMjf3jJhJ88	Schumann	Nord oder Sud	https://www.youtube.com/watch?v=KMjf3jJhJ88
bHkAzrRpNoA	Schumann-Clara	Abendfeier in Venedig	https://www.youtube.com/watch?v=bHkAzrRpNoA
fCeprtH2084	Schumann-Clara	Abendfeier in Venedig	https://www.youtube.com/watch?v=fCeprtH2084
acWWNh6Fs-w	Schutz	Oculi omnium	https://www.youtube.com/watch?v=acWWNh6Fs-w
RA6Owd4KdMg	Senfl	Das Glaut zu Speyer	https://www.youtube.com/watch?v=RA6Owd4KdMg
I8cyYSTQQBw	Soloviov-Sedoi	Podmoskovnye vechera	https://www.youtube.com/watch?v=I8cyYSTQQBw
R0aY45xnOPY	Soloviov-Sedoi	Podmoskovnye vechera	https://www.youtube.com/watch?v=R0aY45xnOPY
R68njdM3HGs	Soriano	Regina Caeli	https://www.youtube.com/watch?v=R68njdM3HGs
sstHOdA0pKg	Soriano	Regina Caeli	https://www.youtube.com/watch?v=sstHOdA0pKg
bMBODfwaBQg	Stanford	I heard voice	https://www.youtube.com/watch?v=bMBODfwaBQg
LTW8297EkSE	Stanford	I heard voice	https://www.youtube.com/watch?v=LTW8297EkSE
oLL_EXs2YoU	Stanford	I heard voice	https://www.youtube.com/watch?v=oLL_EXs2YoU
PIabjOaCqvI	Stanford	The Blue Bird	https://www.youtube.com/watch?v=PIabjOaCqvI
PtTDo6k1Y3U	Stanford	The Blue Bird	https://www.youtube.com/watch?v=PtTDo6k1Y3U
F-n52N8HyOs	Stone	Lord's Prayer	https://www.youtube.com/watch?v=F-n52N8HyOs
mA3gbTxnnBc	Stone	Lord's Prayer	https://www.youtube.com/watch?v=mA3gbTxnnBc
zbSV6VHIhyk	Stone	Lord's Prayer	https://www.youtube.com/watch?v=zbSV6VHIhyk
aJW7Sc-NykQ	Stravinsky	Ave Maria	https://www.youtube.com/watch?v=aJW7Sc-NykQ
Luh-UlFvxEk	Stravinsky	Ave Maria	https://www.youtube.com/watch?v=Luh-UlFvxEk
tQd0apVsBZU	Stravinsky	Ave Maria	https://www.youtube.com/watch?v=tQd0apVsBZU
dPc9cbrArM8	Sullivan	Long-day-closes	https://www.youtube.com/watch?v=dPc9cbrArM8
_rwnprRRWvs	Sullivan	Long-day-closes	https://www.youtube.com/watch?v=_rwnprRRWvs
9t6szpkLvoo	Sviridov	Natasha	https://www.youtube.com/watch?v=9t6szpkLvoo
P5ChtbbPgK8	Sviridov	Natasha	https://www.youtube.com/watch?v=P5ChtbbPgK8
szAkIJDRWhM	Sviridov	Natasha	https://www.youtube.com/watch?v=szAkIJDRWhM
lQQF7mW2c1c	Sweelinck	HodieChristus	https://www.youtube.com/watch?v=lQQF7mW2c1c
rIwFUVkwXhY	Sweelinck	Psalm 96	https://www.youtube.com/watch?v=rIwFUVkwXhY
W9B0gn0EVGw	Sweelinck	Psaumme 55 (Exauce, o mon Dieu)	https://www.youtube.com/watch?v=W9B0gn0EVGw
7StZth30qxg	Szewalin	Zimniaja Doroga	https://www.youtube.com/watch?v=7StZth30qxg
aQayyS-N6Tc	Tallis	In jejunio et fletu	https://www.youtube.com/watch?v=aQayyS-N6Tc
IOLNSh-W5r8	Tallis	O Lord Spirit	https://www.youtube.com/watch?v=IOLNSh-W5r8
EM421mbKubA	Tallis	Salvator mundi	https://www.youtube.com/watch?v=EM421mbKubA
xn52A6wK1es	Tallis	Salvator mundi	https://www.youtube.com/watch?v=xn52A6wK1es
xokRhSiQRKw	Tallis	Salvator mundi	https://www.youtube.com/watch?v=xokRhSiQRKw
8r9ODSoKQvM	Taneev	Alps	https://www.youtube.com/watch?v=8r9ODSoKQvM
_2K34NM4aDo	Taneev	Alps	https://www.youtube.com/watch?v=_2K34NM4aDo
y3TDnZ1mqqM	Taneev	Ghosts	https://www.youtube.com/watch?v=y3TDnZ1mqqM
-zLh-dKNwBA	Taneev	Posmotri, kakaya mgla	https://www.youtube.com/watch?v=-zLh-dKNwBA
KBTAeqOCuL0	Taneev	Posmotri, kakaya mgla	https://www.youtube.com/watch?v=KBTAeqOCuL0
RSFtiMfFgTQ	Taneev	Sphinx	https://www.youtube.com/watch?v=RSFtiMfFgTQ
7E_rKYkjSC4	Tavener	Hymn-to-Mother	https://www.youtube.com/watch?v=7E_rKYkjSC4
Gk7J8T-IB_A	Tavener	Hymn-to-Mother	https://www.youtube.com/watch?v=Gk7J8T-IB_A
2ma_Ouv74_8	Tavener	Song for Athene	https://www.youtube.com/watch?v=2ma_Ouv74_8
SN1Ehbv8f6E	Tavener	Song for Athene	https://www.youtube.com/watch?v=SN1Ehbv8f6E
pTLx7aL7dIQ	Taverner	Dum Transisset	https://www.youtube.com/watch?v=pTLx7aL7dIQ
0bxMPSBE3hA	Tchaikovsky	Blazenni, Jaze Izbral	https://www.youtube.com/watch?v=0bxMPSBE3hA
I4u9QnnWBII	Tchaikovsky	Blazenni, Jaze Izbral	https://www.youtube.com/watch?v=I4u9QnnWBII
D2LH-bDdVV0	Tchaikovsky	Dostoino yest	https://www.youtube.com/watch?v=D2LH-bDdVV0
UgOCZ5yTb94	Tchaikovsky	Dostoino yest	https://www.youtube.com/watch?v=UgOCZ5yTb94
1s2AqmfN318	Tchaikovsky	Milost' mira	https://www.youtube.com/watch?v=1s2AqmfN318
NbkqD88Fs04	Tchaikovsky	Milost' mira	https://www.youtube.com/watch?v=NbkqD88Fs04
SONI_BJLLeE	Tchaikovsky	Ne Kukushechka vo Sirom Boru	https://www.youtube.com/watch?v=SONI_BJLLeE
50BL2dUBb1Q	Tchaikovsky	Nochevala tuchka zolotaya	https://www.youtube.com/watch?v=50BL2dUBb1Q
gy6OJ31Z6A8	Tchaikovsky	Nochevala tuchka zolotaya	https://www.youtube.com/watch?v=gy6OJ31Z6A8
k1EOa_wDwNc	Tchaikovsky	Nochevala tuchka zolotaya	https://www.youtube.com/watch?v=k1EOa_wDwNc
9cSWeHb--V4	Telemann	Der Gott unsers Herrn Jesu Christi	https://www.youtube.com/watch?v=9cSWeHb--V4
LLR7JuDNsQs	Telemann	Der Gott unsers Herrn Jesu Christi	https://www.youtube.com/watch?v=LLR7JuDNsQs
21KRBIolbe8	Thompson	Alleluia	https://www.youtube.com/watch?v=21KRBIolbe8
xAhPD9zAImI	Thompson	Alleluia	https://www.youtube.com/watch?v=xAhPD9zAImI
XeQu-te2fgk	Thompson	Alleluia	https://www.youtube.com/watch?v=XeQu-te2fgk
6xG3xkfUadw	Thompson	Pueri Hebraeorum	https://www.youtube.com/watch?v=6xG3xkfUadw
1Van7VC01p0	Thompson	The Last Words of David	https://www.youtube.com/watch?v=1Van7VC01p0
nnsLEfMpsgI	Thompson	The Last Words of David	https://www.youtube.com/watch?v=nnsLEfMpsgI
nTAUcutcC10	Thompson	The Last Words of David	https://www.youtube.com/watch?v=nTAUcutcC10
eEkx_q4eqoU	Tomkins	When-David-heard	https://www.youtube.com/watch?v=eEkx_q4eqoU
E-teMzCWeSA	Vaughan-Williams	The Commonwealth	https://www.youtube.com/watch?v=E-teMzCWeSA
n8_IR97wVIQ	Vaughan-Williams	The Commonwealth	https://www.youtube.com/watch?v=n8_IR97wVIQ
reZn_xHaqt4	Verbitsky	Otce nas	https://www.youtube.com/watch?v=reZn_xHaqt4
Dojf26nuyuY	Verdi	Laudi Maria	https://www.youtube.com/watch?v=Dojf26nuyuY
ehtsGiwGwJE	Verdi	Laudi Maria	https://www.youtube.com/watch?v=ehtsGiwGwJE
GTkK2NS8QGI	Verdi	Laudi Maria	https://www.youtube.com/watch?v=GTkK2NS8QGI
dyM1qKbHdws	Verdi	Paternoster	https://www.youtube.com/watch?v=dyM1qKbHdws
LZRjRzcwhcg	Verdi	Paternoster	https://www.youtube.com/watch?v=LZRjRzcwhcg
s85huVu0NX8	Verdi	Paternoster	https://www.youtube.com/watch?v=s85huVu0NX8
LDLeiOTlLiM	Viadana	Exsultate justi	https://www.youtube.com/watch?v=LDLeiOTlLiM
nV5OVSgvt1U	Viadana	O Sacrum Convivium	https://www.youtube.com/watch?v=nV5OVSgvt1U
hXICnHx0Shc	Victoria	Ave Maria	https://www.youtube.com/watch?v=hXICnHx0Shc
zqEMrc1XXSQ	Victoria	Ave Maria	https://www.youtube.com/watch?v=zqEMrc1XXSQ
d3WFoq9SUYw	Victoria	Jesu dulcis	https://www.youtube.com/watch?v=d3WFoq9SUYw
smrLh8WrC3w	Victoria	Jesu dulcis	https://www.youtube.com/watch?v=smrLh8WrC3w
ZO10WxOJgJ8	Victoria	Jesu dulcis	https://www.youtube.com/watch?v=ZO10WxOJgJ8
9xPh-fXYAc4	Victoria	O magnum mysterium	https://www.youtube.com/watch?v=9xPh-fXYAc4
m11B9GuDUmM	Victoria	O vos omnes	https://www.youtube.com/watch?v=m11B9GuDUmM
NW9Ccv-xcRQ	Victoria	O-quam-gloriosum	https://www.youtube.com/watch?v=NW9Ccv-xcRQ
JCxGIyYNZ7A	Victoria	Popule Meus	https://www.youtube.com/watch?v=JCxGIyYNZ7A
Jbgge89vMQ4	Victoria	Sancta_Maria_Succurre_Miseris	https://www.youtube.com/watch?v=Jbgge89vMQ4
k2PsUA-lU90	Victoria	Sepulto-Domino	https://www.youtube.com/watch?v=k2PsUA-lU90
Qsf1wEFMne4	Vivaldi	Laudamus te	https://www.youtube.com/watch?v=Qsf1wEFMne4
ffsZaove0ho	Vivaldi	Qui Tollis	https://www.youtube.com/watch?v=ffsZaove0ho
fXfNXyDKMNA	Vivaldi	Qui Tollis	https://www.youtube.com/watch?v=fXfNXyDKMNA
ka_lL4tO2OQ	Vivaldi	Qui Tollis	https://www.youtube.com/watch?v=ka_lL4tO2OQ
bWhkO8I5ENA	Walton	What Cheer	https://www.youtube.com/watch?v=bWhkO8I5ENA
hJFYbyBPPPw	Walton	What Cheer	https://www.youtube.com/watch?v=hJFYbyBPPPw
_C1fEwfFz84	Walton	What Cheer	https://www.youtube.com/watch?v=_C1fEwfFz84
3lV2GCJk3X8	Weelkes	Alleluia	https://www.youtube.com/watch?v=3lV2GCJk3X8
9DsbtEmS0eE	Weelkes	Gloria	https://www.youtube.com/watch?v=9DsbtEmS0eE
by1YdoEALL0	Weelkes	Gloria	https://www.youtube.com/watch?v=by1YdoEALL0
WsLxBwToGaY	Weelkes	Gloria	https://www.youtube.com/watch?v=WsLxBwToGaY
YmqKcDVXkA0	Weelkes	When-David	https://www.youtube.com/watch?v=YmqKcDVXkA0
0j2JRcC6wBs	Whitacre	Lux-Aurumque	https://www.youtube.com/watch?v=0j2JRcC6wBs
X5_LSBuPwXs	Whitacre	Lux-Aurumque	https://www.youtube.com/watch?v=X5_LSBuPwXs
Dqjb_FYTN7U	Whitacre	Stolen Child	https://www.youtube.com/watch?v=Dqjb_FYTN7U
ff-lbYimn8Y	Whitacre	Stolen Child	https://www.youtube.com/watch?v=ff-lbYimn8Y
rv8B6tMNFJI	Whitacre	Stolen Child	https://www.youtube.com/watch?v=rv8B6tMNFJI
wbk69Ps39rM	Willan	Hodie Christus Natus Est	https://www.youtube.com/watch?v=wbk69Ps39rM
yYZEzeBBP68	Willan	Hodie Christus Natus Est	https://www.youtube.com/watch?v=yYZEzeBBP68
ZfjTyfF84AA	Willan	Hodie Christus Natus Est	https://www.youtube.com/watch?v=ZfjTyfF84AA
uTa_9GP8HjQ	Willan	The Three Kings	https://www.youtube.com/watch?v=uTa_9GP8HjQ
RzdsX52ZhBA	Williams, Ralph Vaughan	Agnus Dei	https://www.youtube.com/watch?v=RzdsX52ZhBA
SAEffmscld0	Williams, Ralph Vaughan	Agnus Dei	https://www.youtube.com/watch?v=SAEffmscld0
fxy6ejUaf3w	Williams, Ralph Vaughan	Credo	https://www.youtube.com/watch?v=fxy6ejUaf3w
F4skHXptTE0	Williams, Ralph Vaughan	Gloria	https://www.youtube.com/watch?v=F4skHXptTE0
pxq8BxJSS0s	Williams, Ralph Vaughan	Kyrie	https://www.youtube.com/watch?v=pxq8BxJSS0s
nvoYHwYDYLA	Williams, Ralph Vaughan	Linden Lea	https://www.youtube.com/watch?v=nvoYHwYDYLA
gVutGak3lkw	Williams, Ralph Vaughan	O Mistress Mine	https://www.youtube.com/watch?v=gVutGak3lkw
thxLy5q-6Hw	Williams, Ralph Vaughan	O Mistress Mine	https://www.youtube.com/watch?v=thxLy5q-6Hw
UwpYS1hygIY	Williams, Ralph Vaughan	O Mistress Mine	https://www.youtube.com/watch?v=UwpYS1hygIY
_wMF3OJTETA	Williams, Ralph Vaughan	Sanctus	https://www.youtube.com/watch?v=_wMF3OJTETA
XGWs2EJyb-c	Williams, Ralph Vaughan	Sanctus Benedictus	https://www.youtube.com/watch?v=XGWs2EJyb-c
05Bzbz-RXiA	Williams, Ralph Vaughan	Wassail	https://www.youtube.com/watch?v=05Bzbz-RXiA
vOKePBBPvCE	Williams, Ralph Vaughan	Wassail	https://www.youtube.com/watch?v=vOKePBBPvCE
